id;first_name;last_name;phone;email;address_1;address_2;country;city;state;zip;modified_date;created_date;modified_by;created_by
1;Jayson;Davis;975-900-4499 x183;Patience_Gerlach@yahoo.com;cyan invoice Refined;infrastructures Investment;Russian Federation;Medhurstmouth;Loan Fresh;Rustic Handcrafted;2023-02-25;2023-02-25;Interactions;digital
2;Oda;Bartoletti;218.496.2811 x7384;Wyatt_Doyle59@gmail.com;Islands reboot;world-class Rubber Hampshire;Kiribati;Sipesland;whiteboard Clothing;deposit;2023-02-25;2023-02-25;silver Incredible benchmark;Granite haptic
3;Tristian;Buckridge;668.382.1361 x315;Fredy.DuBuque@hotmail.com;fuchsia;ROI Indiana;Martinique;East Layneland;programming Director;robust;2023-02-25;2023-02-25;syndicate Cheese methodologies;Berkshire
4;Cheyenne;Ritchie;(413) 265-8343 x697;Kacey.Mayert10@yahoo.com;Intranet Progressive;Pizza Marketing;Uruguay;South Marlon;Orchestrator Fantastic for;Plastic incremental quantifying;2023-02-25;2023-02-25;Hat Account;Solutions dynamic Checking
5;Alan;Kertzmann;1-903-500-9138;Leatha_Roob@hotmail.com;SMTP;actuating Investor;Cote d'Ivoire;Decatur;Trace navigate Utah;empower 1080p;2023-02-25;2023-02-25;Dynamic;index Handmade
6;Rebeka;Mayert;394-697-4430;Deshawn.Schuster@yahoo.com;Shoes Chicken;withdrawal;Bahrain;Madysontown;Jamaica Response application;Refined;2023-02-25;2023-02-25;Seychelles;deposit
7;Jaida;Mayer;(506) 797-3725 x08992;Saige78@hotmail.com;neural-net Security Ergonomic;Intelligent;Jamaica;New Gilda;solutions;Sleek haptic;2023-02-25;2023-02-25;PCI compress Buckinghamshire;pink Directives hacking
8;Pinkie;Hoeger;(879) 928-6167;Giovanna.Ebert@gmail.com;database Dollar;Sleek hardware Throughway;Paraguay;Stillwater;monitoring;holistic microchip;2023-02-25;2023-02-25;Summit Data;Customer-focused Planner Taka
9;Jordyn;Kihn;(312) 932-5856 x7061;Jermain.Shields41@gmail.com;global;Gorgeous Pants;Cambodia;East Kevenborough;Forward;Outdoors Gloves;2023-02-25;2023-02-25;Internal;project Namibia
10;Estevan;Dach;817.913.3599 x302;Justice_Heller48@gmail.com;Division program;Ergonomic Loan;Mauritania;Kent;solutions Direct haptic;Carolina generate;2023-02-25;2023-02-25;functionalities driver;copy Ball haptic
