id;modified_date;created_date;modified_by;created_by
1;2023-02-25;2023-02-25;Guernsey hacking;core Rustic
2;2023-02-25;2023-02-25;harness Optimization;back
3;2023-02-25;2023-02-25;copy Wooden;Infrastructure Accountability tan
4;2023-02-25;2023-02-25;Keyboard;framework
5;2023-02-25;2023-02-25;bandwidth empower Pre-emptive;redundant Route Gorgeous
6;2023-02-25;2023-02-25;throughput Nigeria;edge
7;2023-02-25;2023-02-25;back-end Interactions;Usability indigo
8;2023-02-25;2023-02-25;whiteboard feed exploit;Music open-source
9;2023-02-25;2023-02-25;Awesome Metrics Azerbaijan;program withdrawal
10;2023-02-25;2023-02-25;and;connecting
